onset_type,onset_time,pitch
no_change,1.775,60
no_change,1.78,45
no_change,1.977,45
articulation,2.143,45
no_change,2.316,45
no_change,2.509,45
no_change,2.514,62
no_change,2.516,68
no_change,2.93,69
no_change,3.08,71
no_change,3.286,45
no_change,3.291,60
no_change,3.491,68
no_change,3.684,69
no_change,3.861,68
no_change,4.048,69
no_change,4.427,67
no_change,4.609,65
no_change,4.793,40
no_change,4.798,56
no_change,4.8,59
no_change,5.005,40
no_change,5.18,40
no_change,5.352,40
no_change,5.518,40
no_change,5.53,57
no_change,5.532,63
no_change,5.943,64
no_change,6.139,66
no_change,6.323,40
no_change,6.336,56
no_change,6.534,63
no_change,6.725,64
no_change,6.907,63
no_change,7.095,64
no_change,7.475,62
no_change,7.643,59
no_change,7.836,45
no_change,7.839,57
no_change,8.039,45
no_change,8.225,45
no_change,8.227,62
no_change,8.407,45
no_change,8.414,64
no_change,8.607,45
no_change,8.609,59
no_change,8.793,45
no_change,8.991,64
no_change,8.995,45
no_change,9.168,45
no_change,9.173,62
no_change,9.366,64
no_change,9.368,45
no_change,9.561,45
no_change,9.755,45
no_change,9.757,57
no_change,9.95,45
no_change,10.15,45
no_change,10.327,45
no_change,10.541,45
no_change,10.718,45
no_change,10.914,45
no_change,11.105,45
no_change,11.302,45
no_change,11.473,45
no_change,11.477,64
no_change,11.673,45
no_change,11.843,64
no_change,11.857,45
no_change,12.048,65
no_change,12.055,45
no_change,12.214,45
no_change,12.225,62
no_change,12.43,45
no_change,12.607,45
no_change,12.823,57
no_change,12.839,45
no_change,13.025,45
no_change,13.218,45
no_change,13.4,45
no_change,13.602,45
no_change,13.78,45
no_change,13.973,45
no_change,13.977,57
no_change,14.155,45
no_change,14.359,62
no_change,14.534,64
no_change,14.723,50
no_change,14.727,65
no_change,14.92,50
no_change,15.107,64
no_change,15.286,62
no_change,15.48,64
no_change,15.482,48
no_change,15.484,57
no_change,15.659,48
no_change,15.88,65
no_change,16.05,67
no_change,16.245,53
no_change,16.248,60
no_change,16.439,53
no_change,16.645,67
no_change,16.82,65
no_change,17.005,52
no_change,17.007,67
no_change,17.207,52
no_change,17.414,69
no_change,17.577,71
no_change,17.757,57
no_change,17.761,72
no_change,17.764,64
no_change,17.95,57
no_change,18.155,71
no_change,18.332,69
no_change,18.514,56
no_change,18.516,64
no_change,18.591,59
no_change,18.939,76
no_change,19.336,40
no_change,19.52,69
no_change,19.691,57
no_change,19.705,54
no_change,19.707,63
no_change,19.895,69
no_change,20.08,59
no_change,20.084,52
no_change,20.5,71
no_change,20.916,48
no_change,21.105,69
no_change,21.293,71
no_change,21.298,64
no_change,21.468,69
no_change,21.675,47
no_change,22.075,71
no_change,22.516,63
no_change,22.52,47
no_change,22.718,64
no_change,22.898,66
no_change,23.07,63
no_change,23.275,40
no_change,23.28,56
no_change,23.464,66
no_change,23.673,57
no_change,23.675,40
no_change,23.866,66
no_change,24.066,40
no_change,24.073,56
no_change,24.459,66
no_change,24.636,68
no_change,24.816,69
no_change,24.818,60
no_change,24.827,45
no_change,25.018,45
no_change,25.195,71
no_change,25.198,45
no_change,25.391,69
no_change,25.582,45
no_change,25.586,62
no_change,25.591,68
no_change,25.866,69
no_change,26.064,71
no_change,26.098,45
no_change,26.211,68
no_change,26.405,45
no_change,26.407,60
no_change,26.409,69
no_change,26.586,68
no_change,26.789,69
no_change,26.964,68
no_change,27.159,69
no_change,27.566,67
no_change,27.732,65
no_change,27.9,40
no_change,27.918,56
no_change,27.92,64
no_change,28.111,40
no_change,28.298,66
no_change,28.489,64
no_change,28.695,40
no_change,28.698,63
no_change,28.957,64
no_change,29.15,66
no_change,29.309,63
no_change,29.495,40
no_change,29.505,64
no_change,29.684,63
no_change,29.886,64
no_change,30.07,63
no_change,30.257,64
no_change,30.645,62
no_change,30.834,59
no_change,31.02,45
no_change,31.205,64
no_change,31.4,69
no_change,31.577,69
no_change,31.745,69
no_change,31.989,67
no_change,32.189,66
no_change,32.345,64
no_change,32.545,47
no_change,32.548,63
no_change,32.789,54
no_change,32.982,59
no_change,33.145,59
no_change,33.339,59
no_change,33.539,57
no_change,33.716,55
no_change,33.907,54
no_change,34.089,55
no_change,34.161,40
no_change,34.291,64
no_change,34.473,71
no_change,34.655,71
no_change,34.818,71
no_change,35.007,67
no_change,35.198,64
no_change,35.364,62
no_change,35.577,61
no_change,35.582,45
no_change,35.827,52
no_change,36.005,57
no_change,36.166,57
no_change,36.352,57
no_change,36.557,55
no_change,36.741,53
no_change,36.902,52
no_change,37.077,53
no_change,37.314,62
no_change,37.486,69
no_change,37.664,69
no_change,37.836,69
no_change,38.032,65
no_change,38.216,62
no_change,38.382,60
no_change,38.57,59
no_change,38.809,50
no_change,38.982,55
no_change,39.145,55
no_change,39.314,55
no_change,39.5,53
no_change,39.673,52
no_change,39.852,50
no_change,40.032,52
no_change,40.245,60
no_change,40.416,67
no_change,40.582,67
no_change,40.777,64
no_change,40.78,54
no_change,40.955,62
no_change,41.148,60
no_change,41.316,64
no_change,41.493,55
no_change,41.495,62
no_change,41.691,59
no_change,41.877,65
no_change,42.041,65
no_change,42.241,63
no_change,42.245,54
no_change,42.457,62
no_change,42.636,60
no_change,42.809,63
no_change,43.009,62
no_change,43.016,55
no_change,43.227,59
no_change,43.414,65
no_change,43.591,65
no_change,43.777,54
no_change,43.97,62
no_change,44.152,60
no_change,44.316,63
no_change,44.541,55
no_change,44.618,59
no_change,44.711,62
no_change,45.13,67
no_change,45.32,67
no_change,45.516,67
no_change,45.684,67
no_change,45.868,67
no_change,46.041,67
no_change,46.205,67
no_change,46.389,67
no_change,46.661,55
no_change,46.85,55
no_change,47.036,55
no_change,47.211,55
no_change,47.395,55
no_change,47.573,55
no_change,47.752,55
no_change,47.927,55
no_change,48.2,43
no_change,48.411,43
no_change,48.6,43
no_change,48.775,43
no_change,48.977,43
no_change,49.136,43
no_change,49.318,43
no_change,49.507,43
no_change,49.87,43
no_change,50.28,43
no_change,50.668,43
no_change,51.141,43
no_change,51.35,45
no_change,51.52,43
no_change,51.711,45
no_change,51.895,47
no_change,52.07,48
no_change,52.252,50
no_change,52.452,52
no_change,52.625,53
no_change,53.041,50
no_change,53.045,59
no_change,53.05,55
no_change,53.427,50
no_change,53.43,55
no_change,53.793,48
no_change,53.795,55
no_change,53.798,60
no_change,54.214,47
no_change,54.216,62
no_change,54.702,55
no_change,54.895,57
no_change,55.059,55
no_change,55.45,53
no_change,55.741,48
no_change,55.902,51
no_change,56.343,52
no_change,56.709,55
no_change,57.291,67
no_change,57.768,55
no_change,57.977,57
no_change,58.141,55
no_change,58.302,57
no_change,58.5,59
no_change,58.691,60
no_change,58.884,62
no_change,59.045,63
no_change,59.227,65
no_change,59.689,50
no_change,59.691,55
no_change,60.086,50
no_change,60.091,55
no_change,60.452,48
no_change,60.455,55
no_change,60.884,47
no_change,60.886,62
no_change,61.457,67
no_change,61.65,68
no_change,61.825,67
no_change,62.182,65
no_change,62.532,48
no_change,62.591,55
no_change,62.661,60
no_change,62.725,62
no_change,63.105,63
no_change,63.541,67
no_change,63.58,64
no_change,64.486,56
no_change,64.889,62
no_change,65.041,65
no_change,65.248,55
no_change,65.623,60
no_change,65.789,63
no_change,66.002,53
no_change,66.366,58
no_change,66.53,62
no_change,66.748,51
no_change,67.127,56
no_change,67.291,60
no_change,67.484,50
no_change,67.489,65
no_change,67.848,56
no_change,68.018,60
no_change,68.211,48
no_change,68.58,56
no_change,68.752,62
no_change,69.002,47
no_change,69.082,55
no_change,69.141,62
no_change,69.191,65
no_change,69.961,45
no_change,70.364,43
no_change,70.741,48
no_change,71.016,64
no_change,71.102,65
no_change,71.214,64
no_change,71.327,62
no_change,71.445,60
no_change,71.57,59
no_change,71.973,53
no_change,71.975,55
no_change,72.389,60
no_change,72.391,52
no_change,72.636,64
no_change,72.725,65
no_change,72.841,64
no_change,72.977,62
no_change,73.075,60
no_change,73.17,59
no_change,73.6,50
no_change,73.605,55
no_change,73.609,65
no_change,74.034,55
no_change,74.036,48
no_change,74.3,64
no_change,74.38,65
no_change,74.518,64
no_change,74.639,62
no_change,74.745,60
no_change,74.852,59
no_change,74.939,60
no_change,75.061,62
no_change,75.17,64
no_change,75.282,65
no_change,75.386,67
no_change,75.666,53
no_change,75.668,60
no_change,75.67,69
no_change,76.127,72
no_change,76.305,71
no_change,76.455,72
no_change,76.925,54
no_change,76.927,60
no_change,77.416,55
no_change,77.418,64
no_change,78.268,64
no_change,78.282,43
no_change,78.284,53
no_change,78.305,62
no_change,78.727,60
no_change,78.909,62
no_change,79.13,48
no_change,79.198,52
no_change,79.252,55
no_change,79.261,60
no_change,79.502,52
no_change,79.668,53
no_change,79.782,52
no_change,79.92,50
no_change,80.023,48
no_change,80.109,47
no_change,80.53,55
no_change,80.532,65
no_change,80.534,62
no_change,80.955,48
no_change,80.957,55
no_change,80.961,64
no_change,81.248,52
no_change,81.357,53
no_change,81.436,52
no_change,81.559,50
no_change,81.668,48
no_change,81.775,47
no_change,82.257,65
no_change,82.259,69
no_change,82.677,48
no_change,82.68,64
no_change,83.039,52
no_change,83.15,53
no_change,83.273,52
no_change,83.4,50
no_change,83.493,48
no_change,83.605,47
no_change,83.7,48
no_change,83.816,50
no_change,83.925,48
no_change,84.05,47
no_change,84.155,45
no_change,84.289,43
no_change,84.7,52
no_change,84.702,60
no_change,85.123,41
no_change,85.125,62
no_change,85.541,43
no_change,85.543,50
no_change,86.082,48
no_change,86.084,55
no_change,86.086,52
no_change,87.309,48
no_change,87.418,50
no_change,87.523,48
no_change,87.641,47
no_change,87.745,45
no_change,87.852,44
no_change,88.359,52
no_change,88.361,59
no_change,89.111,45
no_change,89.216,47
no_change,89.343,45
no_change,89.477,43
no_change,89.586,41
no_change,89.848,40
no_change,90.141,52
no_change,90.225,56
no_change,90.302,62
no_change,91.448,40
no_change,91.907,69
no_change,91.909,60
no_change,91.914,45
no_change,92.086,45
no_change,92.277,45
no_change,92.407,45
no_change,92.63,45
no_change,92.634,62
no_change,92.636,68
no_change,93.032,69
no_change,93.207,71
no_change,93.402,45
no_change,93.405,60
no_change,93.589,68
no_change,93.786,69
no_change,93.948,68
no_change,94.143,69
no_change,94.536,67
no_change,94.693,65
no_change,94.877,40
no_change,94.884,56
no_change,94.886,64
no_change,95.089,40
no_change,95.261,40
no_change,95.439,40
no_change,95.611,40
no_change,95.639,57
no_change,96.032,64
no_change,96.214,66
no_change,96.391,40
no_change,96.393,59
no_change,96.395,56
no_change,96.398,64
no_change,96.589,63
no_change,96.784,64
no_change,96.959,63
no_change,97.145,64
no_change,97.539,62
no_change,97.705,59
no_change,97.895,45
no_change,97.898,57
no_change,98.073,45
no_change,98.275,45
no_change,98.286,62
no_change,98.473,64
no_change,98.53,45
no_change,98.668,45
no_change,98.67,59
no_change,98.864,45
no_change,99.057,64
no_change,99.059,45
no_change,99.25,45
no_change,99.252,62
no_change,99.434,45
no_change,99.632,45
no_change,99.823,45
no_change,99.825,57
no_change,100.034,45
no_change,100.209,45
no_change,100.416,45
no_change,100.586,45
no_change,100.918,45
no_change,100.98,45
no_change,101.041,57
no_change,101.168,45
no_change,101.373,45
no_change,101.38,62
no_change,101.564,64
no_change,101.618,45
no_change,101.759,45
no_change,101.941,64
no_change,101.952,45
no_change,102.143,45
no_change,102.145,65
no_change,102.33,45
no_change,102.523,45
no_change,102.525,60
no_change,102.72,45
no_change,102.911,45
no_change,102.916,57
no_change,103.068,45
no_change,103.302,45
no_change,103.514,45
no_change,103.705,45
no_change,103.891,45
no_change,104.084,60
no_change,104.086,45
no_change,104.15,57
no_change,104.261,45
no_change,104.48,62
no_change,104.661,64
no_change,104.843,50
no_change,105.025,50
no_change,105.234,64
no_change,105.425,62
no_change,105.607,64
no_change,105.611,48
no_change,105.614,57
no_change,105.802,48
no_change,106.007,65
no_change,106.177,67
no_change,106.355,53
no_change,106.359,60
no_change,106.541,53
no_change,106.752,67
no_change,106.932,65
no_change,107.116,52
no_change,107.302,52
no_change,107.505,69
no_change,107.661,71
no_change,107.855,72
no_change,107.857,57
no_change,108.048,57
no_change,108.25,71
no_change,108.436,69
no_change,108.614,64
no_change,108.616,56
no_change,108.691,59
no_change,109.032,76
no_change,109.416,40
no_change,109.618,69
no_change,109.782,57
no_change,109.795,71
no_change,109.798,54
no_change,109.8,63
no_change,109.986,69
no_change,110.177,52
no_change,110.18,68
no_change,110.577,71
no_change,110.995,48
no_change,111.207,69
no_change,111.4,64
no_change,111.57,69
no_change,111.752,47
no_change,111.755,68
no_change,112.155,71
no_change,112.589,47
no_change,112.843,64
no_change,113.007,66
no_change,113.161,63
no_change,113.364,64
no_change,113.366,40
no_change,113.368,56
no_change,113.568,66
no_change,113.766,57
no_change,113.768,40
no_change,113.961,66
no_change,114.143,40
no_change,114.159,56
no_change,114.555,66
no_change,114.73,68
no_change,114.909,60
no_change,114.914,45
no_change,115.107,45
no_change,115.286,71
no_change,115.289,45
no_change,115.475,69
no_change,115.664,45
no_change,115.666,62
no_change,115.923,69
no_change,116.127,71
no_change,116.164,45
no_change,116.286,68
no_change,116.468,45
no_change,116.473,69
no_change,116.68,68
no_change,116.859,69
no_change,117.036,68
no_change,117.223,69
no_change,117.634,67
no_change,117.793,65
no_change,117.984,40
no_change,117.995,56
no_change,118.177,40
no_change,118.37,66
no_change,118.566,64
no_change,118.78,40
no_change,118.845,57
no_change,118.939,63
no_change,119.264,64
no_change,119.457,66
no_change,119.616,63
no_change,119.814,40
no_change,119.816,56
no_change,120.0,63
no_change,120.198,64
no_change,120.389,63
no_change,120.568,64
no_change,120.955,62
no_change,121.136,59
no_change,121.316,45
no_change,121.53,64
no_change,121.725,69
no_change,121.9,69
no_change,122.061,69
no_change,122.268,67
no_change,122.461,66
no_change,122.618,64
no_change,122.798,47
no_change,122.805,63
no_change,123.059,54
no_change,123.239,59
no_change,123.38,59
no_change,123.575,59
no_change,123.807,57
no_change,123.989,55
no_change,124.168,54
no_change,124.336,40
no_change,124.341,55
no_change,124.568,64
no_change,124.75,71
no_change,124.905,71
no_change,125.093,71
no_change,125.293,67
no_change,125.482,64
no_change,125.659,62
no_change,125.852,45
no_change,125.855,61
no_change,126.086,52
no_change,126.295,57
no_change,126.443,57
no_change,126.641,57
no_change,126.87,55
no_change,127.036,53
no_change,127.207,52
no_change,127.395,53
no_change,127.625,62
no_change,127.818,69
no_change,127.982,69
no_change,128.159,69
no_change,128.357,65
no_change,128.559,62
no_change,128.73,60
no_change,128.909,59
no_change,129.105,50
no_change,129.298,55
no_change,129.477,55
no_change,129.648,55
no_change,129.852,53
no_change,130.03,52
no_change,130.209,50
no_change,130.386,52
no_change,130.627,60
no_change,130.802,67
no_change,130.991,67
no_change,131.173,64
no_change,131.175,54
no_change,131.359,62
no_change,131.557,60
no_change,131.743,64
no_change,131.936,55
no_change,132.148,59
no_change,132.33,65
no_change,132.505,65
no_change,132.695,63
no_change,132.7,54
no_change,132.916,62
no_change,133.102,60
no_change,133.264,63
no_change,133.468,62
no_change,133.473,55
no_change,133.689,59
no_change,133.873,65
no_change,134.052,65
no_change,134.236,63
no_change,134.239,54
no_change,134.43,62
no_change,134.611,60
no_change,134.775,63
no_change,135.0,55
no_change,135.052,59
no_change,135.161,62
no_change,135.557,67
no_change,135.77,67
no_change,135.964,67
no_change,136.134,67
no_change,136.33,67
no_change,136.502,67
no_change,136.689,67
no_change,136.884,67
no_change,137.13,55
no_change,137.325,55
no_change,137.516,55
no_change,137.698,55
no_change,137.864,55
no_change,138.055,55
no_change,138.232,55
no_change,138.418,55
no_change,138.686,43
no_change,138.877,43
no_change,139.066,43
no_change,139.243,43
no_change,139.425,43
no_change,139.62,43
no_change,139.807,43
no_change,139.995,43
no_change,140.373,43
no_change,140.786,43
no_change,141.177,43
no_change,141.632,43
no_change,141.852,45
no_change,142.032,43
no_change,142.209,45
no_change,142.4,47
no_change,142.591,48
no_change,142.766,50
no_change,142.961,52
no_change,143.136,53
no_change,143.584,50
no_change,143.586,59
no_change,143.589,55
no_change,143.955,50
no_change,143.959,55
no_change,144.359,48
no_change,144.364,55
no_change,144.755,47
no_change,144.761,62
no_change,145.216,55
no_change,145.416,57
no_change,145.586,55
no_change,145.964,53
no_change,146.257,48
no_change,146.459,51
no_change,146.832,52
no_change,147.205,55
no_change,147.777,67
no_change,148.225,55
no_change,148.416,57
no_change,148.582,55
no_change,148.768,57
no_change,148.957,59
no_change,149.145,60
no_change,149.32,62
no_change,149.5,63
no_change,149.673,65
no_change,150.073,50
no_change,150.441,50
no_change,150.445,55
no_change,150.809,48
no_change,150.811,55
no_change,151.22,55
no_change,151.223,47
no_change,151.225,62
no_change,151.714,67
no_change,151.907,68
no_change,152.064,67
no_change,152.45,65
no_change,152.866,48
no_change,152.895,55
no_change,152.977,60
no_change,153.039,62
no_change,153.391,63
no_change,153.827,67
no_change,153.852,64
no_change,154.759,56
no_change,155.139,62
no_change,155.295,65
no_change,155.514,55
no_change,155.88,60
no_change,156.05,63
no_change,156.255,53
no_change,156.614,58
no_change,156.773,62
no_change,156.982,51
no_change,157.355,56
no_change,157.518,60
no_change,157.72,65
no_change,157.723,50
no_change,158.1,56
no_change,158.257,60
no_change,158.457,65
no_change,158.461,48
no_change,158.83,56
no_change,159.007,62
no_change,159.259,47
no_change,159.35,55
no_change,159.405,62
no_change,159.473,65
no_change,160.25,45
no_change,160.623,43
no_change,161.025,48
no_change,161.33,64
no_change,161.42,65
no_change,161.53,64
no_change,161.641,62
no_change,161.755,60
no_change,161.882,59
no_change,162.284,53
no_change,162.286,55
no_change,162.707,52
no_change,162.952,64
no_change,163.048,65
no_change,163.166,64
no_change,163.286,62
no_change,163.38,60
no_change,163.486,59
no_change,163.864,59
no_change,163.866,50
no_change,164.261,48
no_change,164.264,55
no_change,164.534,64
no_change,164.625,65
no_change,164.72,64
no_change,164.855,62
no_change,164.961,60
no_change,165.08,59
no_change,165.159,60
no_change,165.273,62
no_change,165.402,64
no_change,165.518,65
no_change,165.618,67
no_change,165.907,53
no_change,166.311,72
no_change,166.516,71
no_change,166.675,72
no_change,167.152,54
no_change,167.645,55
no_change,168.464,64
no_change,168.491,43
no_change,168.498,62
no_change,168.909,60
no_change,169.1,62
no_change,169.316,55
no_change,169.318,48
no_change,169.32,52
no_change,169.559,52
no_change,169.634,53
no_change,169.752,52
no_change,169.868,50
no_change,169.961,48
no_change,170.066,47
no_change,170.489,65
no_change,170.491,62
no_change,170.493,55
no_change,170.905,48
no_change,171.184,52
no_change,171.28,53
no_change,171.375,52
no_change,171.509,50
no_change,171.589,48
no_change,171.709,47
no_change,172.157,65
no_change,172.161,69
no_change,172.589,48
no_change,172.591,64
no_change,172.595,67
no_change,172.914,52
no_change,173.023,53
no_change,173.107,52
no_change,173.257,50
no_change,173.35,48
no_change,173.464,47
no_change,173.57,48
no_change,173.684,50
no_change,173.793,48
no_change,173.905,47
no_change,174.018,45
no_change,174.148,43
no_change,174.564,52
no_change,174.566,60
no_change,175.018,41
no_change,175.423,43
no_change,175.934,44
no_change,175.936,56
no_change,176.443,44
no_change,176.816,44
no_change,176.905,55
no_change,176.968,58
no_change,177.4,60
no_change,177.591,61
no_change,177.77,60
no_change,177.773,56
no_change,178.25,44
no_change,178.657,44
no_change,179.073,43
no_change,179.516,41
no_change,179.523,60
no_change,179.945,41
no_change,180.277,41
no_change,180.355,55
no_change,180.432,58
no_change,180.891,60
no_change,180.893,56
no_change,181.084,58
no_change,181.089,61
no_change,181.264,56
no_change,181.73,41
no_change,182.136,41
no_change,182.523,42
no_change,182.939,43
no_change,183.241,67
no_change,183.45,67
no_change,183.623,67
no_change,183.768,68
no_change,183.802,67
no_change,183.986,65
no_change,184.177,63
no_change,184.345,62
no_change,184.545,60
no_change,184.768,43
no_change,184.968,45
no_change,185.148,47
no_change,185.339,48
no_change,185.541,50
no_change,185.716,51
no_change,185.891,53
no_change,186.077,55
no_change,186.35,62
no_change,186.534,67
no_change,186.711,65
no_change,186.891,64
no_change,187.061,62
no_change,187.239,61
no_change,187.411,62
no_change,187.625,61
no_change,187.845,45
no_change,188.05,47
no_change,188.232,49
no_change,188.409,50
no_change,188.598,52
no_change,188.791,53
no_change,188.968,55
no_change,189.145,57
no_change,189.352,62
no_change,189.525,69
no_change,189.711,67
no_change,189.884,65
no_change,190.082,64
no_change,190.252,62
no_change,190.409,64
no_change,190.634,62
no_change,190.902,45
no_change,191.077,47
no_change,191.25,49
no_change,191.425,50
no_change,191.607,52
no_change,191.789,53
no_change,191.961,55
no_change,192.159,57
no_change,192.536,62
no_change,192.702,65
no_change,192.909,55
no_change,193.302,62
no_change,193.464,65
no_change,193.645,53
no_change,193.648,70
no_change,194.03,62
no_change,194.175,65
no_change,194.389,70
no_change,194.391,52
no_change,194.775,60
no_change,194.941,67
no_change,195.136,69
no_change,195.139,53
no_change,195.525,60
no_change,195.695,67
no_change,195.884,52
no_change,196.28,60
no_change,196.441,65
no_change,196.643,69
no_change,196.648,50
no_change,197.014,59
no_change,197.184,65
no_change,197.382,69
no_change,197.386,48
no_change,197.75,60
no_change,197.895,65
no_change,198.125,47
no_change,198.507,62
no_change,198.666,64
no_change,198.866,69
no_change,198.868,45
no_change,199.236,62
no_change,199.393,64
no_change,199.602,71
no_change,199.605,44
no_change,199.982,64
no_change,200.159,65
no_change,200.355,64
no_change,200.543,62
no_change,200.707,60
no_change,200.859,59
no_change,201.057,58
no_change,201.148,48
no_change,201.464,64
no_change,201.627,66
no_change,201.834,59
no_change,201.836,47
no_change,202.23,64
no_change,202.391,66
no_change,202.627,46
no_change,202.63,61
no_change,203.014,66
no_change,203.189,67
no_change,203.348,66
no_change,203.555,64
no_change,203.734,63
no_change,203.893,61
no_change,204.075,63
no_change,204.077,47
no_change,204.307,49
no_change,204.475,47
no_change,204.655,49
no_change,204.832,51
no_change,205.032,52
no_change,205.214,54
no_change,205.38,55
no_change,205.575,57
no_change,206.0,47
no_change,206.002,59
no_change,206.005,63
no_change,206.391,47
no_change,206.393,59
no_change,206.775,64
no_change,206.777,49
no_change,207.195,51
no_change,207.643,59
no_change,207.839,60
no_change,207.991,59
no_change,208.398,57
no_change,208.85,64
no_change,208.855,40
no_change,209.089,57
no_change,209.25,56
no_change,209.427,57
no_change,209.62,59
no_change,209.795,60
no_change,209.989,62
no_change,210.148,64
no_change,210.327,65
no_change,210.782,47
no_change,210.784,56
no_change,211.166,47
no_change,211.548,57
no_change,211.55,45
no_change,211.995,44
no_change,211.998,50
no_change,212.539,64
no_change,212.695,65
no_change,212.88,64
no_change,213.255,62
no_change,213.664,61
no_change,213.666,45
no_change,214.048,61
no_change,214.216,64
no_change,214.4,70
no_change,214.402,55
no_change,214.784,61
no_change,214.934,64
no_change,215.159,70
no_change,215.164,53
no_change,215.591,61
no_change,215.705,65
no_change,215.911,52
no_change,215.914,70
no_change,216.282,60
no_change,216.461,67
no_change,216.673,53
no_change,216.675,68
no_change,217.073,60
no_change,217.261,65
no_change,217.459,51
no_change,217.868,60
no_change,218.041,65
no_change,218.243,50
no_change,218.602,59
no_change,218.805,65
no_change,219.018,48
no_change,219.023,68
no_change,219.409,60
no_change,219.555,65
no_change,219.795,47
no_change,220.168,62
no_change,220.348,65
no_change,220.566,67
no_change,220.573,48
no_change,220.934,60
no_change,221.105,64
no_change,221.336,67
no_change,221.341,46
no_change,221.739,61
no_change,221.898,64
no_change,222.107,45
no_change,222.502,61
no_change,222.664,64
no_change,222.9,50
no_change,223.345,57
no_change,223.527,62
no_change,223.702,48
no_change,224.102,57
no_change,224.277,62
no_change,224.466,65
no_change,224.47,47
no_change,224.861,57
no_change,225.041,62
no_change,225.223,45
no_change,225.614,57
no_change,225.775,62
no_change,225.995,44
no_change,225.998,65
no_change,226.411,59
no_change,226.586,62
no_change,226.809,45
no_change,227.22,57
no_change,227.398,60
no_change,227.591,41
no_change,227.995,57
no_change,228.189,59
no_change,228.4,41
no_change,228.405,63
no_change,228.834,57
no_change,229.016,59
no_change,229.293,40
no_change,229.373,56
no_change,229.475,64
no_change,229.755,40
no_change,229.948,40
no_change,230.161,40
no_change,230.345,40
no_change,230.716,40
no_change,230.898,40
no_change,231.084,40
no_change,231.277,40
no_change,231.286,57
no_change,231.493,40
no_change,231.68,40
no_change,231.877,40
no_change,232.066,40
no_change,232.075,62
no_change,232.261,40
no_change,232.468,40
no_change,232.475,60
no_change,232.477,64
no_change,232.659,40
no_change,232.666,65
no_change,232.668,62
no_change,232.859,40
no_change,232.861,59
no_change,233.143,40
no_change,233.361,40
no_change,233.536,40
no_change,233.727,40
no_change,233.889,40
no_change,234.068,40
no_change,234.264,40
no_change,234.459,40
no_change,234.461,60
no_change,234.464,64
no_change,234.668,40
no_change,234.848,40
no_change,235.03,40
no_change,235.211,40
no_change,235.214,62
no_change,235.416,40
no_change,235.607,40
no_change,235.614,67
no_change,235.798,40
no_change,235.8,65
no_change,235.995,40
no_change,235.998,62
no_change,236.284,40
no_change,236.491,40
no_change,236.668,40
no_change,236.859,40
no_change,237.034,40
no_change,237.232,40
no_change,237.407,40
no_change,237.607,40
no_change,237.611,68
no_change,237.802,40
no_change,238.007,40
no_change,238.164,40
no_change,238.373,40
no_change,238.375,60
no_change,238.568,40
no_change,238.745,40
no_change,238.755,62
no_change,238.941,40
no_change,238.948,72
no_change,238.957,64
no_change,239.159,40
no_change,239.161,59
no_change,239.168,68
no_change,239.409,40
no_change,239.589,40
no_change,239.768,40
no_change,239.948,40
no_change,239.95,69
no_change,240.152,40
no_change,240.339,40
no_change,240.343,67
no_change,240.545,40
no_change,240.55,57
no_change,240.557,65
no_change,240.752,40
no_change,240.755,56
no_change,240.757,64
no_change,240.984,40
no_change,241.173,40
no_change,241.352,40
no_change,241.555,40
no_change,241.559,57
no_change,241.561,63
no_change,241.952,64
no_change,242.127,65
no_change,242.336,40
no_change,242.339,56
no_change,242.341,64
no_change,242.611,40
no_change,242.798,40
no_change,242.98,40
no_change,243.17,40
no_change,243.175,63
no_change,243.57,64
no_change,243.752,66
no_change,243.948,40
no_change,244.28,40
no_change,244.475,40
no_change,244.652,40
no_change,244.843,40
no_change,245.036,40
no_change,245.225,40
no_change,245.386,40
no_change,245.586,40
no_change,245.602,63
no_change,245.605,66
no_change,245.839,40
no_change,246.014,40
no_change,246.202,40
no_change,246.43,40
no_change,246.432,62
no_change,246.689,40
no_change,246.932,40
no_change,247.223,40
no_change,247.586,60
no_change,247.591,45
no_change,247.798,45
no_change,247.968,45
no_change,248.127,45
no_change,248.33,45
no_change,248.332,62
no_change,248.334,65
no_change,248.734,69
no_change,248.895,71
no_change,249.102,45
no_change,249.105,60
no_change,249.107,69
no_change,249.305,68
no_change,249.505,69
no_change,249.664,68
no_change,249.839,69
no_change,250.232,67
no_change,250.4,65
no_change,250.595,56
no_change,250.602,40
no_change,250.982,40
no_change,251.161,40
no_change,251.341,40
no_change,251.414,57
no_change,251.459,60
no_change,251.47,40
no_change,251.527,63
no_change,251.914,64
no_change,252.086,66
no_change,252.252,40
no_change,252.257,64
no_change,252.261,56
no_change,252.459,63
no_change,252.655,64
no_change,252.825,63
no_change,253.016,64
no_change,253.405,62
no_change,253.564,59
no_change,253.755,45
no_change,253.83,57
no_change,253.948,45
no_change,254.148,45
no_change,254.334,45
no_change,254.336,64
no_change,254.527,45
no_change,254.53,59
no_change,254.714,45
no_change,254.925,64
no_change,254.927,45
no_change,255.109,45
no_change,255.114,62
no_change,255.305,45
no_change,255.486,45
no_change,255.7,45
no_change,255.702,57
no_change,255.87,45
no_change,256.093,45
no_change,256.298,45
no_change,256.493,45
no_change,256.682,45
no_change,256.884,45
no_change,256.886,60
no_change,256.893,57
no_change,257.077,45
no_change,257.28,45
no_change,257.286,62
no_change,257.47,45
no_change,257.473,64
no_change,257.67,45
no_change,257.673,59
no_change,257.834,64
no_change,257.868,45
no_change,258.052,45
no_change,258.232,45
no_change,258.234,62
no_change,258.441,64
no_change,258.443,60
no_change,258.523,48
no_change,258.825,45
no_change,258.989,57
no_change,259.014,45
no_change,259.232,45
no_change,259.423,45
no_change,259.625,45
no_change,259.811,45
no_change,259.998,45
no_change,260.02,45
no_change,260.168,45
no_change,260.411,62
no_change,260.589,64
no_change,260.78,57
no_change,260.782,50
no_change,260.784,65
no_change,260.952,50
no_change,261.182,64
no_change,261.361,62
no_change,261.552,64
no_change,261.557,48
no_change,261.748,48
no_change,261.959,65
no_change,262.125,67
no_change,262.32,69
no_change,262.323,53
no_change,262.507,53
no_change,262.714,67
no_change,262.88,65
no_change,263.091,52
no_change,263.093,60
no_change,263.291,52
no_change,263.498,69
no_change,263.661,71
no_change,263.834,72
no_change,263.836,57
no_change,263.839,64
no_change,264.016,57
no_change,264.232,71
no_change,264.411,69
no_change,264.58,56
no_change,264.582,71
no_change,264.666,59
no_change,264.998,76
no_change,265.402,40
no_change,265.598,69
no_change,265.773,57
no_change,265.789,54
no_change,265.982,69
no_change,266.175,59
no_change,266.177,52
no_change,266.593,71
no_change,266.975,48
no_change,267.202,69
no_change,267.38,71
no_change,267.382,64
no_change,267.555,69
no_change,267.75,68
no_change,267.761,64
no_change,267.766,47
no_change,268.166,71
no_change,268.627,63
no_change,268.63,57
no_change,268.632,47
no_change,268.857,64
no_change,269.032,66
no_change,269.189,63
no_change,269.384,40
no_change,269.402,56
no_change,269.405,64
no_change,269.602,66
no_change,269.8,40
no_change,269.805,57
no_change,269.986,66
no_change,270.168,40
no_change,270.173,56
no_change,270.561,66
no_change,270.748,68
no_change,270.936,60
no_change,270.939,45
no_change,270.941,69
no_change,271.125,45
no_change,271.309,71
no_change,271.311,45
no_change,271.486,45
no_change,271.495,69
no_change,271.686,45
no_change,271.693,62
no_change,271.952,69
no_change,272.152,71
no_change,272.33,68
no_change,272.507,45
no_change,272.514,60
no_change,272.516,69
no_change,272.698,68
no_change,272.893,69
no_change,273.068,68
no_change,273.261,69
no_change,273.664,67
no_change,273.83,65
no_change,274.014,40
no_change,274.023,56
no_change,274.209,40
no_change,274.414,40
no_change,274.598,40
no_change,274.605,64
no_change,274.795,40
no_change,275.064,64
no_change,275.293,66
no_change,275.457,63
no_change,275.634,40
no_change,275.643,56
no_change,275.645,64
no_change,275.82,63
no_change,276.023,64
no_change,276.198,63
no_change,276.389,64
no_change,276.798,62
no_change,276.98,59
no_change,277.155,45
no_change,277.343,64
no_change,277.539,69
no_change,277.705,69
no_change,277.893,69
no_change,278.098,67
no_change,278.275,66
no_change,278.434,64
no_change,278.63,47
no_change,278.634,63
no_change,278.902,54
no_change,279.089,59
no_change,279.257,59
no_change,279.434,59
no_change,279.659,57
no_change,279.823,55
no_change,280.0,54
no_change,280.195,40
no_change,280.198,55
no_change,280.4,64
no_change,280.589,71
no_change,280.743,71
no_change,280.93,71
no_change,281.134,67
no_change,281.318,64
no_change,281.486,62
no_change,281.677,61
no_change,281.68,45
no_change,281.92,52
no_change,282.118,57
no_change,282.282,57
no_change,282.459,57
no_change,282.664,55
no_change,282.848,53
no_change,283.02,52
no_change,283.205,53
no_change,283.432,62
no_change,283.616,69
no_change,283.775,69
no_change,283.957,69
no_change,284.145,65
no_change,284.336,62
no_change,284.514,60
no_change,284.693,59
no_change,284.916,50
no_change,285.095,53
no_change,285.259,53
no_change,285.425,53
no_change,285.618,52
no_change,285.78,50
no_change,285.968,48
no_change,286.157,48
no_change,286.366,57
no_change,286.543,64
no_change,286.702,64
no_change,286.895,50
no_change,287.086,60
no_change,287.255,59
no_change,287.427,57
no_change,287.618,40
no_change,287.814,59
no_change,287.998,62
no_change,288.177,62
no_change,288.359,51
no_change,288.364,60
no_change,288.557,59
no_change,288.745,57
no_change,288.911,60
no_change,289.107,52
no_change,289.382,56
no_change,289.591,62
no_change,289.743,62
no_change,289.943,51
no_change,289.945,60
no_change,290.123,59
no_change,290.341,57
no_change,290.536,60
no_change,290.77,40
no_change,290.773,59
no_change,290.775,56
no_change,291.177,64
no_change,291.389,64
no_change,291.589,64
no_change,291.761,64
no_change,291.966,64
no_change,292.15,64
no_change,292.323,64
no_change,292.491,64
no_change,292.764,52
no_change,292.945,52
no_change,293.141,52
no_change,293.336,52
no_change,293.527,52
no_change,293.709,52
no_change,293.895,52
no_change,294.075,52
no_change,294.545,40
no_change,294.72,40
no_change,294.927,40
no_change,295.107,40
no_change,295.307,40
no_change,295.484,40
no_change,295.67,40
no_change,295.898,52
no_change,296.052,40
no_change,296.455,40
no_change,296.48,40
no_change,296.87,40
no_change,297.339,40
no_change,297.532,42
no_change,297.711,40
no_change,297.893,42
no_change,298.075,44
no_change,298.277,45
no_change,298.445,47
no_change,298.623,49
no_change,298.818,50
no_change,299.259,47
no_change,299.261,56
no_change,299.668,47
no_change,300.048,45
no_change,300.455,44
no_change,300.457,50
no_change,300.923,52
no_change,301.116,54
no_change,301.28,52
no_change,301.664,50
no_change,301.952,45
no_change,302.134,48
no_change,302.527,49
no_change,302.909,52
no_change,303.486,64
no_change,304.064,52
no_change,304.277,54
no_change,304.427,52
no_change,304.589,54
no_change,304.798,56
no_change,304.955,57
no_change,305.145,59
no_change,305.33,60
no_change,305.498,62
no_change,305.889,52
no_change,306.255,52
no_change,306.257,68
no_change,306.609,54
no_change,306.92,40
no_change,307.025,56
no_change,307.089,62
no_change,307.132,71
no_change,307.661,62
no_change,308.016,64
no_change,308.414,62
no_change,308.85,60
no_change,308.891,45
no_change,309.241,60
no_change,309.707,60
no_change,310.675,69
no_change,310.68,53
no_change,311.052,59
no_change,311.236,62
no_change,311.432,67
no_change,311.434,52
no_change,311.798,57
no_change,311.97,60
no_change,312.166,50
no_change,312.552,55
no_change,312.723,59
no_change,312.914,64
no_change,312.918,48
no_change,313.309,53
no_change,313.468,57
no_change,313.675,62
no_change,313.677,47
no_change,314.041,53
no_change,314.216,57
no_change,314.4,62
no_change,314.402,45
no_change,314.775,53
no_change,315.136,57
no_change,315.293,44
no_change,315.37,52
no_change,315.425,59
no_change,315.491,62
no_change,316.268,42
no_change,316.655,40
no_change,317.059,45
no_change,317.316,61
no_change,317.427,62
no_change,317.5,61
no_change,317.627,59
no_change,317.732,57
no_change,317.807,56
no_change,318.245,59
no_change,318.248,52
no_change,318.25,50
no_change,318.661,57
no_change,318.664,49
no_change,318.736,52
no_change,318.92,61
no_change,319.045,62
no_change,319.125,61
no_change,319.255,59
no_change,319.364,57
no_change,319.443,56
no_change,319.861,47
no_change,319.864,52
no_change,319.866,62
no_change,320.264,45
no_change,320.266,61
no_change,320.336,57
no_change,320.509,61
no_change,320.636,62
no_change,320.72,61
no_change,320.848,59
no_change,320.952,57
no_change,321.05,56
no_change,321.18,57
no_change,321.311,59
no_change,321.432,61
no_change,321.539,62
no_change,321.67,64
no_change,321.9,50
no_change,321.902,57
no_change,321.905,66
no_change,322.286,69
no_change,322.484,68
no_change,322.625,69
no_change,323.061,51
no_change,323.53,57
no_change,323.532,52
no_change,323.534,61
no_change,324.318,61
no_change,324.35,50
no_change,324.352,40
no_change,324.355,59
no_change,324.75,57
no_change,324.923,59
no_change,325.186,45
no_change,325.189,52
no_change,325.434,57
no_change,325.525,49
no_change,325.643,50
no_change,325.725,49
no_change,325.841,47
no_change,325.939,45
no_change,326.041,44
no_change,326.466,62
no_change,326.468,52
no_change,326.907,45
no_change,326.909,61
no_change,327.202,49
no_change,327.314,50
no_change,327.434,49
no_change,327.539,47
no_change,327.623,45
no_change,327.725,44
no_change,328.148,62
no_change,328.589,45
no_change,328.905,49
no_change,329.018,50
no_change,329.107,49
no_change,329.232,47
no_change,329.305,45
no_change,329.439,44
no_change,329.548,45
no_change,329.668,47
no_change,329.78,45
no_change,329.909,44
no_change,329.995,42
no_change,330.102,40
no_change,330.545,64
no_change,330.548,61
no_change,330.975,40
no_change,331.384,64
no_change,331.389,62
no_change,331.836,45
no_change,331.839,61
no_change,332.177,47
no_change,332.282,49
no_change,332.4,50
no_change,332.527,52
no_change,332.632,54
no_change,332.748,56
no_change,332.866,57
no_change,332.964,59
no_change,333.077,61
no_change,333.216,62
no_change,333.305,64
no_change,333.416,62
no_change,333.523,61
no_change,333.623,59
no_change,333.716,57
no_change,333.825,56
no_change,333.93,54
no_change,334.043,52
no_change,334.502,56
no_change,334.505,62
no_change,334.673,59
no_change,334.891,45
no_change,334.977,57
no_change,335.039,61
no_change,335.389,59
no_change,335.48,61
no_change,335.595,62
no_change,335.702,64
no_change,335.807,66
no_change,335.92,68
no_change,336.02,69
no_change,336.136,71
no_change,336.248,73
no_change,336.377,74
no_change,336.468,76
no_change,336.582,74
no_change,336.698,73
no_change,336.809,71
no_change,336.875,69
no_change,336.993,68
no_change,337.08,66
no_change,337.186,64
no_change,337.948,59
no_change,337.95,68
no_change,337.961,40
no_change,338.495,59
no_change,338.557,62
no_change,338.58,40
no_change,338.611,68
no_change,341.291,69
no_change,341.293,45
